Filename,PartID,Channel,ReadHit,ReadNum,WriteHit,WriteNum
0masstree_25rps_1xalancbmk_8channels.out,1,770b0800,34718,4206399,263,189231
0masstree_25rps_1xalancbmk_8channels.out,1,770af800,27769,3955232,270,188323
0masstree_25rps_1xalancbmk_8channels.out,1,770b1000,34044,4155264,235,187788
0masstree_25rps_1xalancbmk_8channels.out,1,770ae800,30492,4150597,198,191239
0masstree_25rps_1xalancbmk_8channels.out,1,770b1800,32315,4177418,388,190583
0masstree_25rps_1xalancbmk_8channels.out,1,770b0000,34945,4101969,218,184661
0masstree_25rps_1xalancbmk_8channels.out,1,76e3e800,31105,4153468,173,186019
0masstree_25rps_1xalancbmk_8channels.out,1,770af000,31910,4173274,264,184815
15masstree_25rps_1cam4_8channels.out,1,de13a800,46970,202459,1,190
15masstree_25rps_1cam4_8channels.out,1,de13c000,46234,197604,3,146
15masstree_25rps_1cam4_8channels.out,1,de13b000,46912,201177,0,183
15masstree_25rps_1cam4_8channels.out,1,de13b800,48582,201066,1,171
15masstree_25rps_1cam4_8channels.out,1,de13a000,46895,201792,2,168
15masstree_25rps_1cam4_8channels.out,1,ddeca800,53429,206611,3,253
15masstree_25rps_1cam4_8channels.out,1,de13c800,46111,197389,0,149
15masstree_25rps_1cam4_8channels.out,1,de13d000,45712,195502,1,129
15masstree_25rps_1cam4_8channels.out,1,de13binterval:,48431,193334,1,122
15masstree_25rps_1cam4_8channels.out,1,de13interval:,45986,192636,0,130
15masstree_25rps_1cam4_8channels.out,1,de13b800interval:,48559,199356,1,159
15masstree_25rps_1roms_8channels.out,1,e2c45000,48438,201843,0,157
15masstree_25rps_1roms_8channels.out,1,e2c46800,48510,197020,1,120
15masstree_25rps_1roms_8channels.out,1,e2c45800,49159,200580,0,136
15masstree_25rps_1roms_8channels.out,1,e2c46000,50110,200470,0,150
15masstree_25rps_1roms_8channels.out,1,e2c44000,55213,205997,1,225
15masstree_25rps_1roms_8channels.out,1,e2c44800,49171,201043,0,135
15masstree_25rps_1roms_8channels.out,1,e2c47000,47615,196815,0,104
15masstree_25rps_1roms_8channels.out,1,e2c47800,48049,194782,1,152
15masstree_25rps_1roms_8channels.out,1,e2c4interval:,48940,192211,0,94
15masstree_25rps_1exchange2_8channels.out,1,54a65000,47621,202249,1,133
15masstree_25rps_1exchange2_8channels.out,1,54a66800,46489,197416,1,100
15masstree_25rps_1exchange2_8channels.out,1,54a65800,47165,200999,0,126
15masstree_25rps_1exchange2_8channels.out,1,54a66000,49239,200879,0,144
15masstree_25rps_1exchange2_8channels.out,1,54a64800,47157,201614,1,132
15masstree_25rps_1exchange2_8channels.out,1,54a64000,54358,206568,1,197
15masstree_25rps_1exchange2_8channels.out,1,54a67000,46823,197203,1,100
15masstree_25rps_1exchange2_8channels.out,1,54a67800,46056,195345,0,87
15masstree_25rps_1exchange2_8channels.out,1,54a67interval:,46006,192503,0,80
15masstree_25rps_1exchange2_8channels.out,1,54interval:,47152,200584,1,127
15masstree_25rps_1exchange2_8channels.out,1,54a6780interval:,46036,194400,0,83
0masstree_25rps_1perlbench_8channels.out,1,d7f8a800,103,6219,0,0
0masstree_25rps_1perlbench_8channels.out,1,d7f88800,101,6234,0,0
0masstree_25rps_1perlbench_8channels.out,1,d7f8b000,108,6190,0,0
0masstree_25rps_1perlbench_8channels.out,1,d7f89000,100,6204,0,0
0masstree_25rps_1perlbench_8channels.out,1,d7f8b800,102,6208,0,0
0masstree_25rps_1perlbench_8channels.out,1,d7f8a000,119,6249,0,0
0masstree_25rps_1perlbench_8channels.out,1,d7f89800,106,6268,0,0
0masstree_25rps_1perlbench_8channels.out,1,d7d18800,107,6215,0,0
15masstree_25rps_1blender_8channels.out,1,71229000,47964,426571,190,140377
15masstree_25rps_1blender_8channels.out,1,7122a800,47295,444287,186,151693
15masstree_25rps_1blender_8channels.out,1,71229800,47800,430082,204,142830
15masstree_25rps_1blender_8channels.out,1,7122a000,49795,437175,207,146492
15masstree_25rps_1blender_8channels.out,1,71228000,54700,408622,171,128022
15masstree_25rps_1blender_8channels.out,1,71228800,47785,412476,188,132929
15masstree_25rps_1blender_8channels.out,1,7122b000,47134,444208,193,151778
15masstree_25rps_1blender_8channels.out,1,7122b800,46808,453197,190,157307
0masstree_25rps_1gcc_8channels.out,1,2aabc800,166,30601,4,10068
0masstree_25rps_1gcc_8channels.out,1,2aabb000,187,30388,5,9953
0masstree_25rps_1gcc_8channels.out,1,2aabd000,190,30352,7,9991
0masstree_25rps_1gcc_8channels.out,1,2aabd800,216,30520,13,10068
0masstree_25rps_1gcc_8channels.out,1,2aabc000,185,31236,6,10401
0masstree_25rps_1gcc_8channels.out,1,2aabb800,254,30697,18,10149
0masstree_25rps_1gcc_8channels.out,1,2a84a800,204,30967,9,10159
0masstree_25rps_1gcc_8channels.out,1,2aaba800,166,30034,10,9790
0masstree_25rps_1blender_8channels.out,1,7ca90800,4952,691782,477,386916
0masstree_25rps_1blender_8channels.out,1,7ca8e800,4968,691464,481,386684
0masstree_25rps_1blender_8channels.out,1,7ca91000,4767,691763,526,386846
0masstree_25rps_1blender_8channels.out,1,7ca91800,4834,692185,518,387157
0masstree_25rps_1blender_8channels.out,1,7ca90000,4938,691885,514,387115
0masstree_25rps_1blender_8channels.out,1,7ca8f800,4979,691988,497,386997
0masstree_25rps_1blender_8channels.out,1,7c81e800,4840,691395,496,386852
0masstree_25rps_1blender_8channels.out,1,7ca8f000,4997,691416,455,386836
0masstree_25rps_1baseline_8channels.out,1,eec0c800,21,311,0,0
0masstree_25rps_1baseline_8channels.out,1,eec0e800,22,301,0,0
0masstree_25rps_1baseline_8channels.out,1,eec0d000,20,307,0,0
0masstree_25rps_1baseline_8channels.out,1,eec0d800,19,305,0,0
0masstree_25rps_1baseline_8channels.out,1,eec0c000,23,298,0,0
0masstree_25rps_1baseline_8channels.out,1,ee99c800,19,297,0,0
0masstree_25rps_1baseline_8channels.out,1,eec0e000,18,316,0,0
0masstree_25rps_1baseline_8channels.out,1,eec0f000,23,305,0,0
15masstree_25rps_1lbm_8channels.out,1,bf9ff000,40389,694708,4,473705
15masstree_25rps_1lbm_8channels.out,1,bfa00800,39391,689884,2,473356
15masstree_25rps_1lbm_8channels.out,1,bf9ff800,39666,693432,3,473633
15masstree_25rps_1lbm_8channels.out,1,bfa00000,42397,693308,6,473578
15masstree_25rps_1lbm_8channels.out,1,bf9fe800,39546,693881,3,473662
15masstree_25rps_1lbm_8channels.out,1,bf9fe000,47383,698833,3,474136
15masstree_25rps_1lbm_8channels.out,1,bfa01000,39974,689634,3,473428
15masstree_25rps_1lbm_8channels.out,1,bfa01800,39286,687632,2,473330
15masstree_25rps_1lbm_8channels.out,1,bfa,13673,48621,0,112
15masstree_25rps_1lbm_8channels.out,1,bf9fpopulate,14071,49405,0,120
0masstree_25rps_1deepsjeng_8channels.out,1,b8226800,67,4079142,9,3689846
0masstree_25rps_1deepsjeng_8channels.out,1,b8227000,70,4077050,11,3688368
0masstree_25rps_1deepsjeng_8channels.out,1,b8226000,74,4077958,7,3689381
0masstree_25rps_1deepsjeng_8channels.out,1,b8227800,78,4076036,11,3687508
0masstree_25rps_1deepsjeng_8channels.out,1,b7fb6800,54,4075088,9,3686992
0masstree_25rps_1deepsjeng_8channels.out,1,b8228000,83,4078267,7,3689836
0masstree_25rps_1deepsjeng_8channels.out,1,b8228800,107,4078287,9,3689672
0masstree_25rps_1deepsjeng_8channels.out,1,b8229000,101,4076817,9,3688813
0masstree_25rps_1deepsjeng_8channels.out,1,b82260,41,2837716,7,2820580
15masstree_25rps_1perlbench_8channels.out,1,47135000,39159,181328,1,735
15masstree_25rps_1perlbench_8channels.out,1,47136800,38138,177364,0,751
15masstree_25rps_1perlbench_8channels.out,1,47135800,38672,180242,0,745
15masstree_25rps_1perlbench_8channels.out,1,47136000,41013,180538,0,743
15masstree_25rps_1perlbench_8channels.out,1,47134800,38758,180636,1,745
15masstree_25rps_1perlbench_8channels.out,1,47134000,46259,186434,1,777
15masstree_25rps_1perlbench_8channels.out,1,47137000,38612,177125,2,747
15masstree_25rps_1perlbench_8channels.out,1,47137800,37922,175283,1,766
0masstree_25rps_1mcf_8channels.out,1,86eb6800,1270647,7533886,1637,61365
0masstree_25rps_1mcf_8channels.out,1,86eb7000,1267627,7557145,1603,61453
0masstree_25rps_1mcf_8channels.out,1,86eb7800,1272397,7545933,1588,61386
0masstree_25rps_1mcf_8channels.out,1,86eb6000,1272861,7519099,1584,61350
0masstree_25rps_1mcf_8channels.out,1,86c46800,1270669,7518096,1575,61337
0masstree_25rps_1mcf_8channels.out,1,86eb8000,1268867,7545110,1581,61393
0masstree_25rps_1mcf_8channels.out,1,86eb8800,1263506,7536902,1608,61317
0masstree_25rps_1mcf_8channels.out,1,86eb9000,1269567,7562602,1605,61463
15masstree_25rps_1imagick_8channels.out,1,556a8800,52746,332331,5,80978
15masstree_25rps_1imagick_8channels.out,1,556aa000,52132,327561,1,80979
15masstree_25rps_1imagick_8channels.out,1,556a9000,52869,331067,4,80982
15masstree_25rps_1imagick_8channels.out,1,556a9800,54348,330981,6,80977
15masstree_25rps_1imagick_8channels.out,1,55438800,59417,336490,4,81058
15masstree_25rps_1imagick_8channels.out,1,556a8000,52877,331545,6,81000
15masstree_25rps_1imagick_8channels.out,1,556aa800,51843,327338,4,80990
15masstree_25rps_1imagick_8channels.out,1,556ab000,51674,325346,1,80969
15masstree_25rps_1imagick_8channels.out,1,556a8000interval:,52769,329979,6,80764
15masstree_25rps_1imagick_8channels.out,1,556ainterval:,52774,330082,4,80762
0masstree_25rps_1cam4_8channels.out,1,5cbb4800,35,1004,0,0
0masstree_25rps_1cam4_8channels.out,1,5cbb5800,37,998,0,0
0masstree_25rps_1cam4_8channels.out,1,5cbb5000,42,983,0,0
0masstree_25rps_1cam4_8channels.out,1,5cbb4000,39,1006,0,0
0masstree_25rps_1cam4_8channels.out,1,5cbb3800,50,1026,0,0
0masstree_25rps_1cam4_8channels.out,1,5c942800,28,984,0,0
0masstree_25rps_1cam4_8channels.out,1,5cbb3000,29,975,0,0
0masstree_25rps_1cam4_8channels.out,1,5cbb2800,27,989,0,0
0masstree_25rps_1roms_8channels.out,1,b9ba0800,33,751,0,0
0masstree_25rps_1roms_8channels.out,1,b9ba1000,29,741,0,0
0masstree_25rps_1roms_8channels.out,1,b9ba0000,37,756,0,0
0masstree_25rps_1roms_8channels.out,1,b9ba1800,29,762,0,0
0masstree_25rps_1roms_8channels.out,1,b9930800,36,751,0,0
0masstree_25rps_1roms_8channels.out,1,b9ba2000,20,762,0,0
0masstree_25rps_1roms_8channels.out,1,b9ba2800,26,759,0,0
0masstree_25rps_1roms_8channels.out,1,b9ba3000,26,752,0,0
0masstree_25rps_1parest_8channels.out,1,f2ef4800,108,3605,0,0
0masstree_25rps_1parest_8channels.out,1,f2ef5000,120,3588,0,0
0masstree_25rps_1parest_8channels.out,1,f2ef4000,121,3600,0,0
0masstree_25rps_1parest_8channels.out,1,f2ef5800,104,3580,0,0
0masstree_25rps_1parest_8channels.out,1,f2ef3800,117,3584,0,0
0masstree_25rps_1parest_8channels.out,1,f2c82800,108,3592,0,0
0masstree_25rps_1parest_8channels.out,1,f2ef3000,99,3576,0,0
0masstree_25rps_1parest_8channels.out,1,f2ef2800,101,3577,0,0
0masstree_25rps_1parest_8channels.out,1,f2c82800main,106,3533,0,0
15masstree_25rps_1gcc_8channels.out,1,959f8800,42543,224830,5,10686
15masstree_25rps_1gcc_8channels.out,1,959fa000,42355,220509,6,10641
15masstree_25rps_1gcc_8channels.out,1,959f9000,42961,223312,3,10657
15masstree_25rps_1gcc_8channels.out,1,959f9800,44274,223870,18,10715
15masstree_25rps_1gcc_8channels.out,1,959f8000,42944,224399,8,10745
15masstree_25rps_1gcc_8channels.out,1,95788800,49482,229837,16,10896
15masstree_25rps_1gcc_8channels.out,1,959fa800,41835,220061,5,10580
15masstree_25rps_1gcc_8channels.out,1,959fb000,42052,217416,6,10444
0masstree_25rps_1xz_8channels.out,1,a84c800,8329,1862512,6,1109750
0masstree_25rps_1xz_8channels.out,1,a5dc800,13968,2383222,11,1629895
0masstree_25rps_1xz_8channels.out,1,a84d000,7712,1863890,4,1109732
0masstree_25rps_1xz_8channels.out,1,a84f000,8913,1863155,6,1109686
0masstree_25rps_1xz_8channels.out,1,a84d800,7884,1863590,5,1109752
0masstree_25rps_1xz_8channels.out,1,a84c000,7441,1863650,3,1109696
0masstree_25rps_1xz_8channels.out,1,a84e000,8339,1862685,6,1109807
0masstree_25rps_1xz_8channels.out,1,a84e800,8723,1862920,9,1109772
0masstree_25rps_1lbm_8channels.out,1,e2522800,7849,877889,2075,860219
0masstree_25rps_1lbm_8channels.out,1,e22b2800,7935,877989,2006,860199
0masstree_25rps_1lbm_8channels.out,1,e2523000,7661,864899,2648,847145
0masstree_25rps_1lbm_8channels.out,1,e2525000,7690,864825,2611,847088
0masstree_25rps_1lbm_8channels.out,1,e2523800,7708,877885,1972,860050
0masstree_25rps_1lbm_8channels.out,1,e2522000,7498,864644,2634,846900
0masstree_25rps_1lbm_8channels.out,1,e2524000,7741,865190,2647,847433
0masstree_25rps_1lbm_8channels.out,1,e2524800,7710,877945,1898,860153
0masstree_25rps_1x264_8channels.out,1,19d4e800,71798,3969684,15512,1915513
0masstree_25rps_1x264_8channels.out,1,19d50000,53557,3973678,2954,1914821
0masstree_25rps_1x264_8channels.out,1,19d4f000,88277,3968741,22669,1915285
0masstree_25rps_1x264_8channels.out,1,19d4f800,79094,3971613,13555,1915458
0masstree_25rps_1x264_8channels.out,1,19d4e000,53470,3968030,2933,1915209
0masstree_25rps_1x264_8channels.out,1,19ade800,80303,3972957,14065,1916130
0masstree_25rps_1x264_8channels.out,1,19d50800,70910,3971688,15311,1915146
0masstree_25rps_1x264_8channels.out,1,19d51000,87961,3970382,22486,1914719
0masstree_25rps_1x264_8channels.out,1,19d4profile,139,4641,0,0
15masstree_25rps_1x264_8channels.out,1,5c0a6800,50458,450800,1848,184299
15masstree_25rps_1x264_8channels.out,1,5c0a8000,45976,411834,5,156304
15masstree_25rps_1x264_8channels.out,1,5c0a7000,52858,455417,3164,187911
15masstree_25rps_1x264_8channels.out,1,5c0a7800,52587,410683,1539,153035
15masstree_25rps_1x264_8channels.out,1,5be36800,58436,441977,1709,172730
15masstree_25rps_1x264_8channels.out,1,5c0a6000,47057,451242,7,185467
15masstree_25rps_1x264_8channels.out,1,5c0a8800,48640,411593,1538,156348
15masstree_25rps_1x264_8channels.out,1,5c0a9000,50598,415526,2718,159587
15masstree_25rps_1x264_8channels.out,1,5c0a680start,23207,102066,0,180
15masstree_25rps_1deepsjeng_8channels.out,1,ee8e1000,40943,694606,10,473789
15masstree_25rps_1deepsjeng_8channels.out,1,ee8e2800,40293,689776,9,473383
15masstree_25rps_1deepsjeng_8channels.out,1,ee8e1800,40441,693340,6,473714
15masstree_25rps_1deepsjeng_8channels.out,1,ee8e2000,42968,693216,5,473617
15masstree_25rps_1deepsjeng_8channels.out,1,ee8e0000,47880,698738,14,474263
15masstree_25rps_1deepsjeng_8channels.out,1,ee8e0800,40333,693810,5,473755
15masstree_25rps_1deepsjeng_8channels.out,1,ee8e3000,40476,689528,5,473482
15masstree_25rps_1deepsjeng_8channels.out,1,ee8e3800,40031,687552,5,473388
15masstree_25rps_1cactuBSSN_8channels.out,1,1f189000,127684,709122,34347,372406
15masstree_25rps_1cactuBSSN_8channels.out,1,1f18a800,127408,704229,34374,372182
15masstree_25rps_1cactuBSSN_8channels.out,1,1f189800,127640,707810,34349,372356
15masstree_25rps_1cactuBSSN_8channels.out,1,1f18a000,129496,707662,34365,372321
15masstree_25rps_1cactuBSSN_8channels.out,1,1f188000,134654,713360,34353,372728
15masstree_25rps_1cactuBSSN_8channels.out,1,1f188800,127783,708189,34365,372352
15masstree_25rps_1cactuBSSN_8channels.out,1,1f18b000,126811,703944,34369,372208
15masstree_25rps_1cactuBSSN_8channels.out,1,1f18b800,126930,701947,34359,372181
15masstree_25rps_1cactuBSSN_8channels.out,1,1gem5,14076,48912,0,0
15masstree_25rps_1cactuBSSN_8channels.out,1,interval:,57997,254645,472,35383
15masstree_25rps_1parest_8channels.out,1,f1353000,43018,204913,1,172
15masstree_25rps_1parest_8channels.out,1,f1354800,42361,200076,0,117
15masstree_25rps_1parest_8channels.out,1,f1353800,42619,203646,0,159
15masstree_25rps_1parest_8channels.out,1,f1354000,44891,203506,0,146
15masstree_25rps_1parest_8channels.out,1,f1352000,50054,209030,0,206
15masstree_25rps_1parest_8channels.out,1,f1352800,42694,204104,0,159
15masstree_25rps_1parest_8channels.out,1,f1355000,42386,199853,0,132
15masstree_25rps_1parest_8channels.out,1,f1355800,42044,197814,0,115
15masstree_25rps_1parest_8channels.out,1,f13populate,11282,50315,0,0
15masstree_25rps_1parest_8channels.out,1,f1352interval:,42611,198455,0,111
15masstree_25rps_1parest_8channels.out,1,ID:24,42004,195798,0,104
15masstree_25rps_1namd_8channels.out,1,b62f7000,46447,366581,25,138230
15masstree_25rps_1namd_8channels.out,1,b62f8800,45854,369879,32,145891
15masstree_25rps_1namd_8channels.out,1,b62f7800,46386,367042,24,139818
15masstree_25rps_1namd_8channels.out,1,b62f8000,48030,369280,21,142199
15masstree_25rps_1namd_8channels.out,1,b62f6800,46292,361043,26,133765
15masstree_25rps_1namd_8channels.out,1,b62f6000,53015,362874,26,130781
15masstree_25rps_1namd_8channels.out,1,b62f9000,45648,369661,26,145848
15masstree_25rps_1namd_8channels.out,1,b62f9800,45379,370919,21,147750
15masstree_25rps_1nab_8channels.out,1,e9c79000,51411,201632,0,132
15masstree_25rps_1nab_8channels.out,1,e9c7a800,50568,196785,0,137
15masstree_25rps_1nab_8channels.out,1,e9c79800,51251,200361,0,136
15masstree_25rps_1nab_8channels.out,1,e9c7a000,52824,200233,0,140
15masstree_25rps_1nab_8channels.out,1,e9c78000,57767,205752,0,211
15masstree_25rps_1nab_8channels.out,1,e9c78800,51314,200815,0,140
15masstree_25rps_1nab_8channels.out,1,e9c7b000,50403,196564,0,132
15masstree_25rps_1nab_8channels.out,1,e9c7b800,50081,194543,0,124
15masstree_25rps_1nab_8channels.out,1,einterval:,51303,198182,0,101
0masstree_25rps_1cactuBSSN_8channels.out,1,c4cf8800,1116370,14814252,159445,6193370
0masstree_25rps_1cactuBSSN_8channels.out,1,c4cf9000,1115603,14798110,159779,6187287
0masstree_25rps_1cactuBSSN_8channels.out,1,c4cf8000,1114748,14796989,159919,6187487
0masstree_25rps_1cactuBSSN_8channels.out,1,c4cf9800,1115596,14813465,159389,6193326
0masstree_25rps_1cactuBSSN_8channels.out,1,c4cf7800,1115904,14813621,159331,6194304
0masstree_25rps_1cactuBSSN_8channels.out,1,c4a86800,1115558,14796871,159871,6187343
0masstree_25rps_1cactuBSSN_8channels.out,1,c4cf7000,1116666,14812922,159242,6193372
0masstree_25rps_1cactuBSSN_8channels.out,1,c4cf6800,1114432,14796840,159921,6187519
15masstree_25rps_1fotonik3d_8channels.out,1,26763000,50114,202227,1,170
15masstree_25rps_1fotonik3d_8channels.out,1,26764800,49329,197380,0,105
15masstree_25rps_1fotonik3d_8channels.out,1,26763800,50024,200947,1,147
15masstree_25rps_1fotonik3d_8channels.out,1,26764000,51508,200848,3,192
15masstree_25rps_1fotonik3d_8channels.out,1,26762000,56555,206480,1,248
15masstree_25rps_1fotonik3d_8channels.out,1,26762800,50080,201554,0,152
15masstree_25rps_1fotonik3d_8channels.out,1,26765000,49263,197182,1,113
15masstree_25rps_1fotonik3d_8channels.out,1,26765800,48875,195277,0,120
15masstree_25rps_1fotonik3d_8channels.out,1,interval:,44347,157695,0,0
15masstree_25rps_1fotonik3d_8channels.out,1,26interval:,49013,188681,1,65
15masstree_25rps_1fotonik3d_8channels.out,1,26765000interval:,49213,195111,1,102
15masstree_25rps_1fotonik3d_8channels.out,1,26763interval:,50083,200490,1,161
15masstree_25rps_1fotonik3d_8channels.out,1,2interval:,56538,205701,1,246
15masstree_25rps_1leela_8channels.out,1,d5657000,42608,215991,4,3686
15masstree_25rps_1leela_8channels.out,1,d5658800,41637,211335,2,3651
15masstree_25rps_1leela_8channels.out,1,d5657800,41981,214474,6,3553
15masstree_25rps_1leela_8channels.out,1,d5658000,44369,214487,2,3674
15masstree_25rps_1leela_8channels.out,1,d5656000,49303,220402,6,3883
15masstree_25rps_1leela_8channels.out,1,d5656800,41962,215479,4,3767
15masstree_25rps_1leela_8channels.out,1,d5659000,41941,211012,5,3634
15masstree_25rps_1leela_8channels.out,1,d5659800,41371,208820,5,3557
15masstree_25rps_1xalancbmk_8channels.out,1,7842d000,43942,272476,31,36979
15masstree_25rps_1xalancbmk_8channels.out,1,7842e800,43261,272227,28,37912
15masstree_25rps_1xalancbmk_8channels.out,1,7842d800,43742,277666,37,37372
15masstree_25rps_1xalancbmk_8channels.out,1,7842e000,45887,270767,35,37631
15masstree_25rps_1xalancbmk_8channels.out,1,7842c000,50934,275798,29,35678
15masstree_25rps_1xalancbmk_8channels.out,1,7842c800,43686,274009,31,36040
15masstree_25rps_1xalancbmk_8channels.out,1,7842f000,43951,280762,35,37944
15masstree_25rps_1xalancbmk_8channels.out,1,7842f800,43098,268558,39,38713
15masstree_25rps_1xalancbmk_8channels.out,1,784now,14257,50847,0,0
15masstree_25rps_1xalancbmk_8channels.out,1,7842f80interval:,42698,195179,1,933
0masstree_25rps_1omnetpp_8channels.out,1,ecfce800,131,2993,0,0
0masstree_25rps_1omnetpp_8channels.out,1,ecfcf000,138,2990,0,0
0masstree_25rps_1omnetpp_8channels.out,1,ecfcf800,121,2975,0,0
0masstree_25rps_1omnetpp_8channels.out,1,ecfce000,141,2963,0,0
0masstree_25rps_1omnetpp_8channels.out,1,ecfcd800,136,2966,0,0
0masstree_25rps_1omnetpp_8channels.out,1,ecd5c800,126,3004,0,0
0masstree_25rps_1omnetpp_8channels.out,1,ecfcd000,136,2959,0,0
0masstree_25rps_1omnetpp_8channels.out,1,ecfcc800,133,2987,0,0
0masstree_25rps_1imagick_8channels.out,1,9ee40800,897,143777,2,88182
0masstree_25rps_1imagick_8channels.out,1,9ebce800,887,143871,0,88149
0masstree_25rps_1imagick_8channels.out,1,9ee41000,916,143837,2,88151
0masstree_25rps_1imagick_8channels.out,1,9ee41800,905,143762,5,88149
0masstree_25rps_1imagick_8channels.out,1,9ee40000,887,143754,2,88165
0masstree_25rps_1imagick_8channels.out,1,9ee3f800,889,143758,1,88157
0masstree_25rps_1imagick_8channels.out,1,9ee3f000,886,143852,3,88149
0masstree_25rps_1imagick_8channels.out,1,9ee3e800,882,143721,2,88155
0masstree_25rps_1nab_8channels.out,1,d62dc800,30,573,0,0
0masstree_25rps_1nab_8channels.out,1,d62dd000,29,558,0,0
0masstree_25rps_1nab_8channels.out,1,d62dc000,32,564,0,0
0masstree_25rps_1nab_8channels.out,1,d62dd800,24,561,0,0
0masstree_25rps_1nab_8channels.out,1,d6070800,35,564,0,0
0masstree_25rps_1nab_8channels.out,1,d62de000,24,559,0,0
0masstree_25rps_1nab_8channels.out,1,d62de800,22,551,0,0
0masstree_25rps_1nab_8channels.out,1,d62df000,24,546,0,0
0masstree_25rps_1namd_8channels.out,1,d08e800,45900,2835785,886,871386
0masstree_25rps_1namd_8channels.out,1,ce1e800,45921,2836939,797,872328
0masstree_25rps_1namd_8channels.out,1,d08f000,45618,2836563,849,871844
0masstree_25rps_1namd_8channels.out,1,d091000,46057,2837005,862,872059
0masstree_25rps_1namd_8channels.out,1,d08f800,45392,2836598,758,872522
0masstree_25rps_1namd_8channels.out,1,d08e000,46094,2836411,817,871441
0masstree_25rps_1namd_8channels.out,1,d090000,45481,2837906,744,873125
0masstree_25rps_1namd_8channels.out,1,d090800,45116,2836714,785,872642
0masstree_25rps_1namd_8channels.out,1,ceiteration,18284,1193212,296,440810
15masstree_25rps_1baseline_8channels.out,1,7c0ce800,44798,201149,0,114
15masstree_25rps_1baseline_8channels.out,1,7c0d0000,44562,196330,1,107
15masstree_25rps_1baseline_8channels.out,1,7c0cf000,45239,199899,1,101
15masstree_25rps_1baseline_8channels.out,1,7c0cf800,46313,199768,0,110
15masstree_25rps_1baseline_8channels.out,1,7c0ce000,45229,200320,0,121
15masstree_25rps_1baseline_8channels.out,1,7be5e800,51299,205267,1,182
15masstree_25rps_1baseline_8channels.out,1,7c0d0800,43768,196102,0,92
15masstree_25rps_1baseline_8channels.out,1,7c0d1000,44028,194072,0,88
15masstree_25rps_1baseline_8channels.out,1,7c0interval:,45220,199314,0,116
0masstree_25rps_1povray_8channels.out,1,2d06c800,84,2340,0,0
0masstree_25rps_1povray_8channels.out,1,2d06d000,90,2331,0,0
0masstree_25rps_1povray_8channels.out,1,2d06c000,97,2310,0,0
0masstree_25rps_1povray_8channels.out,1,2d06d800,89,2339,0,0
0masstree_25rps_1povray_8channels.out,1,2d06b800,82,2309,0,0
0masstree_25rps_1povray_8channels.out,1,2cdfa800,99,2344,0,0
0masstree_25rps_1povray_8channels.out,1,2d06b000,91,2303,0,0
0masstree_25rps_1povray_8channels.out,1,2d06a800,85,2319,0,0
15masstree_25rps_1bwaves_8channels.out,1,ba587000,47710,202374,1,170
15masstree_25rps_1bwaves_8channels.out,1,ba588800,46446,197530,1,140
15masstree_25rps_1bwaves_8channels.out,1,ba587800,47265,201098,2,162
15masstree_25rps_1bwaves_8channels.out,1,ba588000,49228,200984,0,162
15masstree_25rps_1bwaves_8channels.out,1,ba586000,54309,206523,2,267
15masstree_25rps_1bwaves_8channels.out,1,ba586800,47231,201571,1,161
15masstree_25rps_1bwaves_8channels.out,1,ba589000,46864,197323,0,160
15masstree_25rps_1bwaves_8channels.out,1,ba589800,46098,195306,1,145
15masstree_25rps_1bwaves_8channels.out,1,interval:,47145,189903,2,75
15masstree_25rps_1bwaves_8channels.out,1,ba5890interval:,46833,196221,0,154
0masstree_25rps_1bwaves_8channels.out,1,eb46a800,30,669,0,0
0masstree_25rps_1bwaves_8channels.out,1,eb1fa800,27,664,0,0
0masstree_25rps_1bwaves_8channels.out,1,eb46b000,30,659,0,0
0masstree_25rps_1bwaves_8channels.out,1,eb46b800,18,676,0,0
0masstree_25rps_1bwaves_8channels.out,1,eb46a000,32,663,0,0
0masstree_25rps_1bwaves_8channels.out,1,eb46c000,19,674,0,0
0masstree_25rps_1bwaves_8channels.out,1,eb46c800,22,672,0,0
0masstree_25rps_1bwaves_8channels.out,1,eb46d000,22,657,0,0
15masstree_25rps_1wrf_8channels.out,1,611a800,49747,201734,2,147
15masstree_25rps_1wrf_8channels.out,1,611c000,48752,196905,1,94
15masstree_25rps_1wrf_8channels.out,1,611b000,49366,200459,0,137
15masstree_25rps_1wrf_8channels.out,1,611b800,51312,200370,2,155
15masstree_25rps_1wrf_8channels.out,1,5eaa800,56518,205866,0,158
15masstree_25rps_1wrf_8channels.out,1,611a000,49378,200925,0,137
15masstree_25rps_1wrf_8channels.out,1,611c800,49023,196689,2,101
15masstree_25rps_1wrf_8channels.out,1,611d000,48275,194641,0,83
15masstree_25rps_1wrf_8channels.out,1,6interval:,48133,191438,0,76
0masstree_25rps_1exchange2_8channels.out,1,9b270800,29,824,0,0
0masstree_25rps_1exchange2_8channels.out,1,9b271000,32,829,0,0
0masstree_25rps_1exchange2_8channels.out,1,9b271800,23,837,0,0
0masstree_25rps_1exchange2_8channels.out,1,9b270000,44,827,0,0
0masstree_25rps_1exchange2_8channels.out,1,9b000800,31,835,0,0
0masstree_25rps_1exchange2_8channels.out,1,9b272000,27,820,0,0
0masstree_25rps_1exchange2_8channels.out,1,9b272800,35,806,0,0
0masstree_25rps_1exchange2_8channels.out,1,9b273000,37,814,0,0
0masstree_25rps_1exchange2_8channels.out,1,9b2,17,722,0,0
15masstree_25rps_1omnetpp_8channels.out,1,934ad000,41520,204487,0,132
15masstree_25rps_1omnetpp_8channels.out,1,934ae800,40481,199665,0,100
15masstree_25rps_1omnetpp_8channels.out,1,934ad800,40987,203237,0,142
15masstree_25rps_1omnetpp_8channels.out,1,934ae000,43230,203081,0,134
15masstree_25rps_1omnetpp_8channels.out,1,934ac000,48250,208596,0,183
15masstree_25rps_1omnetpp_8channels.out,1,934ac800,40953,203754,0,139
15masstree_25rps_1omnetpp_8channels.out,1,934af000,40778,199412,0,117
15masstree_25rps_1omnetpp_8channels.out,1,934af800,40051,197503,0,103
15masstree_25rps_1omnetpp_8channels.out,1,interval:,43201,201026,0,122
15masstree_25rps_1mcf_8channels.out,1,aa015000,199245,903966,1596,49505
15masstree_25rps_1mcf_8channels.out,1,aa016800,208097,937351,1534,49341
15masstree_25rps_1mcf_8channels.out,1,aa015800,201062,908918,1594,49308
15masstree_25rps_1mcf_8channels.out,1,aa016000,205124,921412,1584,49357
15masstree_25rps_1mcf_8channels.out,1,aa014000,238730,1036234,1585,49661
15masstree_25rps_1mcf_8channels.out,1,aa014800,230065,1030971,1586,49577
15masstree_25rps_1mcf_8channels.out,1,aa017000,208913,937710,1554,49369
15masstree_25rps_1mcf_8channels.out,1,aa017800,212167,957408,1571,49311
15masstree_25rps_1mcf_8channels.out,1,aa0168,12941,48965,0,2
15masstree_25rps_1xz_8channels.out,1,e3989000,34843,255499,3,32195
15masstree_25rps_1xz_8channels.out,1,e398a800,33872,261327,2,39196
15masstree_25rps_1xz_8channels.out,1,e3989800,34324,269143,1,41825
15masstree_25rps_1xz_8channels.out,1,e398a000,36462,265020,3,39639
15masstree_25rps_1xz_8channels.out,1,e3988000,52108,769216,462,543852
15masstree_25rps_1xz_8channels.out,1,e3988800,34055,253377,0,30859
15masstree_25rps_1xz_8channels.out,1,e398b000,34424,263777,3,40878
15masstree_25rps_1xz_8channels.out,1,e398b800,33334,235091,2,20978
15masstree_25rps_1xz_8channels.out,1,e39898TBENCH_MINSLEEPNS,11876,45639,0,0
15masstree_25rps_1xz_8channels.out,1,e39interval:,33609,190164,0,1385
0masstree_25rps_1wrf_8channels.out,1,ff984800,37,903,0,0
0masstree_25rps_1wrf_8channels.out,1,ff985800,33,915,0,0
0masstree_25rps_1wrf_8channels.out,1,ff985000,34,888,0,0
0masstree_25rps_1wrf_8channels.out,1,ff984000,41,912,0,0
0masstree_25rps_1wrf_8channels.out,1,ff983800,36,909,0,0
0masstree_25rps_1wrf_8channels.out,1,ff712800,27,891,0,0
0masstree_25rps_1wrf_8channels.out,1,ff983000,28,887,0,0
0masstree_25rps_1wrf_8channels.out,1,ff982800,32,894,0,0
15masstree_25rps_1povray_8channels.out,1,27cd9000,47660,203324,0,122
15masstree_25rps_1povray_8channels.out,1,27cda800,46864,198506,0,104
15masstree_25rps_1povray_8channels.out,1,27cd9800,47267,202076,0,113
15masstree_25rps_1povray_8channels.out,1,27cda000,49597,201950,0,117
15masstree_25rps_1povray_8channels.out,1,27cd8000,54687,207441,0,166
15masstree_25rps_1povray_8channels.out,1,27cd8800,47315,202488,0,116
15masstree_25rps_1povray_8channels.out,1,27cdb000,47133,198253,0,118
15masstree_25rps_1povray_8channels.out,1,27cdb800,46530,196248,0,106
15masstree_25rps_1povray_8channels.out,1,27cda80interval:,46856,197929,0,97
15masstree_25rps_1povray_8channels.out,1,27cda00interval:,49595,201516,0,115
15masstree_25rps_1povray_8channels.out,1,2interval:,46856,198260,0,101
0masstree_25rps_1leela_8channels.out,1,a46c800,84,19886,1,2225
0masstree_25rps_1leela_8channels.out,1,a46d000,74,19905,0,2220
0masstree_25rps_1leela_8channels.out,1,a46d800,68,20028,0,2297
0masstree_25rps_1leela_8channels.out,1,a46c000,76,20073,0,2326
0masstree_25rps_1leela_8channels.out,1,a1fc800,96,20006,1,2282
0masstree_25rps_1leela_8channels.out,1,a46e000,72,20188,0,2359
0masstree_25rps_1leela_8channels.out,1,a46e800,80,19967,0,2267
0masstree_25rps_1leela_8channels.out,1,a46f000,83,19858,0,2224
0masstree_25rps_1leela_8channels.out,1,a1fc,68,14025,0,0
0masstree_25rps_1leela_8channels.out,1,a46d8,57,15154,0,94
0masstree_25rps_1leela_8channels.out,1,aNodes:,72,18757,0,1030
0masstree_25rps_1leela_8channels.out,1,a46Nodes:,69,17959,0,413
0masstree_25rps_1fotonik3d_8channels.out,1,6ea88800,31,756,0,0
0masstree_25rps_1fotonik3d_8channels.out,1,6ea89800,29,757,0,0
0masstree_25rps_1fotonik3d_8channels.out,1,6ea89000,35,730,0,0
0masstree_25rps_1fotonik3d_8channels.out,1,6ea88000,30,759,0,0
0masstree_25rps_1fotonik3d_8channels.out,1,6e818800,32,758,0,0
0masstree_25rps_1fotonik3d_8channels.out,1,6ea8a000,20,740,0,0
0masstree_25rps_1fotonik3d_8channels.out,1,6ea8a800,19,738,0,0
0masstree_25rps_1fotonik3d_8channels.out,1,6ea8b000,26,749,0,0
0masstree_25rps_1fotonik3d_8channels.out,1,6ea,28,732,0,0
